Machine,Component,Parameter,Value,Min_Threshold,Max_Threshold,Failure Probability
Articulated_Truck_1,Misc,System Voltage,12.6,12.0,15.0,Low
Articulated_Truck_1,Fuel,Temparature,0.0,0.0,400.0,Low
Articulated_Truck_1,Engine,Temparature,80.0,0.0,105.0,Low
Articulated_Truck_1,Drive,Brake Control,4.0,1.0,2000.0,Low
Articulated_Truck_1,Fuel,Pressure,62.0,35.0,65.0,Low
Articulated_Truck_1,Engine,Oil Pressure,60.0,25.0,65.0,Low
Articulated_Truck_1,Engine,Temparature,82.0,0.0,105.0,Low
Articulated_Truck_1,Fuel,Water in Fuel,81.0,0.0,1800.0,Low
Articulated_Truck_1,Misc,System Voltage,14.9,12.0,15.0,Low
Articulated_Truck_1,Engine,Temparature,98.0,0.0,105.0,Low
Articulated_Truck_1,Fuel,Temparature,0.0,0.0,400.0,Low
Articulated_Truck_1,Fuel,Pressure,67.0,35.0,65.0,Low
Articulated_Truck_1,Engine,Temparature,100.0,0.0,105.0,Low
Articulated_Truck_1,Misc,System Voltage,13.1,12.0,15.0,Low
Articulated_Truck_1,Drive,Brake Control,3.0,1.0,2000.0,Low
Articulated_Truck_1,Drive,Brake Control,4.0,1.0,2000.0,Low
Articulated_Truck_1,Engine,Speed,1550.0,0.0,1800.0,Low
Articulated_Truck_1,Fuel,Temparature,0.0,0.0,400.0,Low
Articulated_Truck_1,Fuel,Level,9.0,1.0,2000.0,Low
Articulated_Truck_1,Engine,Speed,1560.0,0.0,1800.0,Low
Articulated_Truck_1,Drive,Pedal Sensor,4.4,0.0,4.7,Low
Articulated_Truck_1,Engine,Oil Pressure,45.0,25.0,65.0,Low
Articulated_Truck_1,Engine,Oil Pressure,65.0,25.0,65.0,High
Articulated_Truck_1,Misc,Exhaust Gas Temparature,176.0,20.0,2000.0,Low
Articulated_Truck_1,Engine,Temparature,75.0,0.0,105.0,Low
Articulated_Truck_1,Fuel,Water in Fuel,78.0,0.0,1800.0,Low
Articulated_Truck_1,Engine,Oil Pressure,33.0,25.0,65.0,Low
Articulated_Truck_1,Drive,Transmission Pressure,375.0,200.0,450.0,Low
Articulated_Truck_1,Fuel,Level,3.0,1.0,2000.0,Low
Articulated_Truck_1,Fuel,Level,4.0,1.0,2000.0,Low
Articulated_Truck_1,Misc,Hydraulic Pump Rate,110.0,0.0,125.0,Low
Articulated_Truck_1,Misc,System Voltage,12.7,12.0,15.0,Low
Articulated_Truck_1,Drive,Pedal Sensor,3.6,0.0,4.7,Low
Articulated_Truck_1,Drive,Pedal Sensor,4.4,0.0,4.7,Low
Articulated_Truck_1,Drive,Brake Control,3.0,1.0,2000.0,Low
Articulated_Truck_1,Fuel,Temparature,0.0,0.0,400.0,Low
Articulated_Truck_1,Fuel,Temparature,0.0,0.0,400.0,Low
Articulated_Truck_1,Misc,Hydraulic Pump Rate,119.0,0.0,125.0,Low
Articulated_Truck_1,Engine,Oil Pressure,72.0,25.0,65.0,High
Articulated_Truck_1,Misc,Exhaust Gas Temparature,265.0,20.0,2000.0,Low
Articulated_Truck_1,Drive,Pedal Sensor,3.6,0.0,4.7,Low
Articulated_Truck_1,Fuel,Level,10.0,1.0,2000.0,Low
Articulated_Truck_1,Engine,Speed,1340.0,0.0,1800.0,Low
Articulated_Truck_1,Engine,Speed,1455.0,0.0,1800.0,Low
Articulated_Truck_1,Drive,Transmission Pressure,250.0,200.0,450.0,Low
Articulated_Truck_1,Fuel,Temparature,0.0,0.0,400.0,Low
Articulated_Truck_1,Fuel,Pressure,44.0,35.0,65.0,Low
Articulated_Truck_1,Engine,Oil Pressure,64.0,25.0,65.0,Low
Articulated_Truck_1,Engine,Oil Pressure,56.0,25.0,65.0,Low
Articulated_Truck_1,Engine,Speed,1600.0,0.0,1800.0,Low
Articulated_Truck_1,Misc,Exhaust Gas Temparature,180.0,20.0,2000.0,Low
Articulated_Truck_1,Drive,Transmission Pressure,447.0,200.0,450.0,Low
Articulated_Truck_1,Misc,System Voltage,15.2,12.0,15.0,High
Articulated_Truck_1,Drive,Pedal Sensor,3.9,0.0,4.7,Low
Articulated_Truck_1,Engine,Oil Pressure,36.0,25.0,65.0,Low
Articulated_Truck_1,Engine,Speed,1700.0,0.0,1800.0,Low
Articulated_Truck_1,Misc,Air Filter Pressure,22.0,20.0,2000.0,Low
Articulated_Truck_1,Engine,Temparature,100.0,0.0,105.0,Low
Articulated_Truck_1,Misc,Hydraulic Pump Rate,120.0,0.0,125.0,Low
Articulated_Truck_1,Fuel,Water in Fuel,112.0,0.0,1800.0,Low
Articulated_Truck_1,Fuel,Level,3.0,1.0,2000.0,Low
Articulated_Truck_1,Engine,Speed,1870.0,0.0,1800.0,Medium
Articulated_Truck_1,Fuel,Pressure,56.0,35.0,65.0,Low
Articulated_Truck_1,Fuel,Pressure,44.0,35.0,65.0,Low
Articulated_Truck_1,Drive,Pedal Sensor,4.2,0.0,4.7,Low
Articulated_Truck_1,Fuel,Level,7.0,1.0,2000.0,Low
Articulated_Truck_1,Fuel,Level,4.0,1.0,2000.0,Low
Articulated_Truck_1,Engine,Temparature,102.0,0.0,105.0,Low
Articulated_Truck_1,Fuel,Level,6.0,1.0,2000.0,Low
Articulated_Truck_1,Misc,Hydraulic Pump Rate,106.0,0.0,125.0,Low
Articulated_Truck_1,Fuel,Pressure,71.0,35.0,65.0,Low
Articulated_Truck_1,Drive,Pedal Sensor,3.2,0.0,4.7,Low
Articulated_Truck_1,Fuel,Temparature,0.0,0.0,400.0,Low
Articulated_Truck_1,Misc,Air Filter Pressure,32.0,20.0,2000.0,Low
Articulated_Truck_1,Misc,Hydraulic Pump Rate,117.0,0.0,125.0,Low
Articulated_Truck_1,Drive,Transmission Pressure,377.0,200.0,450.0,Low
Articulated_Truck_1,Misc,Exhaust Gas Temparature,177.0,20.0,2000.0,Low
Articulated_Truck_1,Drive,Pedal Sensor,3.8,0.0,4.7,Low
Articulated_Truck_1,Fuel,Water in Fuel,119.0,0.0,1800.0,Low
Articulated_Truck_1,Drive,Pedal Sensor,3.6,0.0,4.7,Low
Articulated_Truck_1,Engine,Speed,1700.0,0.0,1800.0,Low
Articulated_Truck_1,Drive,Brake Control,2.0,1.0,2000.0,Low
Articulated_Truck_1,Fuel,Water in Fuel,73.0,0.0,1800.0,Low
Articulated_Truck_1,Engine,Oil Pressure,36.0,25.0,65.0,Low
Articulated_Truck_1,Misc,Exhaust Gas Temparature,182.0,20.0,2000.0,Low
Articulated_Truck_1,Drive,Brake Control,8.0,1.0,2000.0,Low
Articulated_Truck_1,Engine,Temparature,90.0,0.0,105.0,Low
Articulated_Truck_1,Fuel,Pressure,59.0,35.0,65.0,Low
Articulated_Truck_1,Misc,Exhaust Gas Temparature,210.0,20.0,2000.0,Low
Articulated_Truck_1,Engine,Speed,1640.0,0.0,1800.0,Low
Articulated_Truck_1,Misc,Hydraulic Pump Rate,123.0,0.0,125.0,Low
Articulated_Truck_1,Misc,Hydraulic Pump Rate,115.0,0.0,125.0,Low
Articulated_Truck_1,Drive,Transmission Pressure,450.0,200.0,450.0,Medium
Articulated_Truck_1,Engine,Oil Pressure,67.0,25.0,65.0,High
Articulated_Truck_1,Fuel,Level,6.0,1.0,2000.0,Low
Articulated_Truck_1,Drive,Transmission Pressure,275.0,200.0,450.0,Low
Articulated_Truck_1,Misc,Air Filter Pressure,29.0,20.0,2000.0,Low
Articulated_Truck_1,Fuel,Level,7.0,1.0,2000.0,Low
Articulated_Truck_1,Drive,Transmission Pressure,220.0,200.0,450.0,Low
Articulated_Truck_1,Engine,Oil Pressure,46.0,25.0,65.0,Low
Articulated_Truck_1,Engine,Oil Pressure,65.0,25.0,65.0,High
Articulated_Truck_1,Drive,Pedal Sensor,3.7,0.0,4.7,Low
Articulated_Truck_1,Drive,Transmission Pressure,337.0,200.0,450.0,Low
Articulated_Truck_1,Engine,Speed,1470.0,0.0,1800.0,Low
Articulated_Truck_1,Fuel,Level,4.0,1.0,2000.0,Low
Articulated_Truck_1,Drive,Transmission Pressure,267.0,200.0,450.0,Low
Articulated_Truck_1,Engine,Oil Pressure,44.0,25.0,65.0,Low
Articulated_Truck_1,Engine,Oil Pressure,25.0,25.0,65.0,High
Articulated_Truck_1,Misc,Exhaust Gas Temparature,240.0,20.0,2000.0,Low
Articulated_Truck_1,Engine,Speed,1250.0,0.0,1800.0,Low
Articulated_Truck_1,Drive,Brake Control,8.0,1.0,2000.0,Low
Articulated_Truck_1,Fuel,Pressure,49.0,35.0,65.0,Low
Articulated_Truck_1,Misc,Air Filter Pressure,35.0,20.0,2000.0,Low
Articulated_Truck_1,Misc,Exhaust Gas Temparature,176.0,20.0,2000.0,Low
Articulated_Truck_1,Misc,Air Filter Pressure,27.0,20.0,2000.0,Low
Articulated_Truck_1,Misc,System Voltage,14.8,12.0,15.0,Low
Articulated_Truck_1,Drive,Pedal Sensor,4.5,0.0,4.7,Low
Articulated_Truck_1,Misc,System Voltage,14.1,12.0,15.0,Low
Articulated_Truck_1,Misc,Air Filter Pressure,33.0,20.0,2000.0,Low
Articulated_Truck_1,Fuel,Level,9.0,1.0,2000.0,Low
Articulated_Truck_1,Misc,System Voltage,13.7,12.0,15.0,Low
Articulated_Truck_1,Engine,Oil Pressure,45.0,25.0,65.0,Low
Articulated_Truck_1,Engine,Temparature,94.0,0.0,105.0,Low
Articulated_Truck_1,Fuel,Temparature,0.0,0.0,400.0,Low
Articulated_Truck_1,Fuel,Level,5.0,1.0,2000.0,Low
Articulated_Truck_1,Engine,Oil Pressure,35.0,25.0,65.0,Low
Articulated_Truck_1,Drive,Brake Control,7.0,1.0,2000.0,Low
Articulated_Truck_1,Misc,Hydraulic Pump Rate,118.0,0.0,125.0,Low
Articulated_Truck_1,Drive,Transmission Pressure,391.0,200.0,450.0,Low
Articulated_Truck_1,Engine,Oil Pressure,55.0,25.0,65.0,Low
Articulated_Truck_1,Drive,Brake Control,8.0,1.0,2000.0,Low
Articulated_Truck_1,Engine,Temparature,78.0,0.0,105.0,Low
Articulated_Truck_1,Misc,Exhaust Gas Temparature,222.0,20.0,2000.0,Low
Articulated_Truck_1,Engine,Temparature,95.0,0.0,105.0,Low
Articulated_Truck_1,Drive,Brake Control,4.0,1.0,2000.0,Low
Articulated_Truck_1,Engine,Oil Pressure,44.0,25.0,65.0,Low
Articulated_Truck_1,Drive,Pedal Sensor,3.9,0.0,4.7,Low
Articulated_Truck_1,Fuel,Water in Fuel,426.0,0.0,1800.0,Low
Articulated_Truck_1,Fuel,Water in Fuel,144.0,0.0,1800.0,Low
Articulated_Truck_1,Drive,Transmission Pressure,300.0,200.0,450.0,Low
Articulated_Truck_1,Fuel,Water in Fuel,424.0,0.0,1800.0,Low
Articulated_Truck_1,Misc,Air Filter Pressure,31.0,20.0,2000.0,Low
Articulated_Truck_1,Misc,System Voltage,14.4,12.0,15.0,Low
Articulated_Truck_1,Fuel,Pressure,46.0,35.0,65.0,Low
Articulated_Truck_1,Engine,Speed,1650.0,0.0,1800.0,Low
Articulated_Truck_1,Misc,Air Filter Pressure,36.0,20.0,2000.0,Low
Articulated_Truck_1,Drive,Brake Control,8.0,1.0,2000.0,Low
Articulated_Truck_1,Fuel,Water in Fuel,184.0,0.0,1800.0,Low
Articulated_Truck_1,Engine,Speed,1750.0,0.0,1800.0,Low
Articulated_Truck_1,Engine,Temparature,92.0,0.0,105.0,Low
Articulated_Truck_1,Misc,Hydraulic Pump Rate,122.0,0.0,125.0,Low
Articulated_Truck_1,Engine,Speed,1345.0,0.0,1800.0,Low
Articulated_Truck_1,Misc,Hydraulic Pump Rate,118.0,0.0,125.0,Low
Articulated_Truck_1,Engine,Speed,1800.0,0.0,1800.0,Medium
Articulated_Truck_1,Fuel,Temparature,0.0,0.0,400.0,Low
Articulated_Truck_1,Misc,Air Filter Pressure,23.0,20.0,2000.0,Low
Articulated_Truck_1,Misc,Hydraulic Pump Rate,116.0,0.0,125.0,Low
Articulated_Truck_1,Misc,System Voltage,15.1,12.0,15.0,High
Articulated_Truck_1,Misc,System Voltage,14.7,12.0,15.0,Low
Articulated_Truck_1,Drive,Transmission Pressure,443.0,200.0,450.0,Low
Articulated_Truck_1,Drive,Brake Control,8.0,1.0,2000.0,Low
Articulated_Truck_1,Drive,Pedal Sensor,4.4,0.0,4.7,Low
Articulated_Truck_1,Misc,System Voltage,14.9,12.0,15.0,Low
Articulated_Truck_1,Fuel,Water in Fuel,88.0,0.0,1800.0,Low
Articulated_Truck_1,Fuel,Level,9.0,1.0,2000.0,Low
Articulated_Truck_1,Drive,Transmission Pressure,300.0,200.0,450.0,Low
Articulated_Truck_1,Drive,Brake Control,2.0,1.0,2000.0,Low
Articulated_Truck_1,Fuel,Pressure,72.0,35.0,65.0,Low
Articulated_Truck_1,Misc,Exhaust Gas Temparature,210.0,20.0,2000.0,Low
Articulated_Truck_1,Drive,Brake Control,7.0,1.0,2000.0,Low
Articulated_Truck_1,Misc,Air Filter Pressure,25.0,20.0,2000.0,Low
Articulated_Truck_1,Drive,Pedal Sensor,3.9,0.0,4.7,Low
Articulated_Truck_1,Fuel,Water in Fuel,448.0,0.0,1800.0,Low
Articulated_Truck_1,Misc,System Voltage,13.3,12.0,15.0,Low
Articulated_Truck_1,Drive,Pedal Sensor,4.6,0.0,4.7,Low
Articulated_Truck_1,Misc,Air Filter Pressure,31.0,20.0,2000.0,Low
Articulated_Truck_1,Fuel,Temparature,0.0,0.0,400.0,Low
Articulated_Truck_1,Engine,Temparature,104.0,0.0,105.0,Low
Articulated_Truck_1,Drive,Pedal Sensor,3.7,0.0,4.7,Low
Articulated_Truck_1,Fuel,Water in Fuel,70.0,0.0,1800.0,Low
Articulated_Truck_1,Fuel,Pressure,56.0,35.0,65.0,Low
Articulated_Truck_1,Misc,Hydraulic Pump Rate,109.0,0.0,125.0,Low
Articulated_Truck_1,Fuel,Temparature,0.0,0.0,400.0,Low
Articulated_Truck_1,Misc,Exhaust Gas Temparature,190.0,20.0,2000.0,Low
Articulated_Truck_1,Engine,Temparature,102.0,0.0,105.0,Low
Articulated_Truck_1,Drive,Transmission Pressure,369.0,200.0,450.0,Low
Articulated_Truck_1,Engine,Speed,1650.0,0.0,1800.0,Low
Articulated_Truck_1,Engine,Speed,1440.0,0.0,1800.0,Low
Articulated_Truck_1,Fuel,Water in Fuel,120.0,0.0,1800.0,Low
Articulated_Truck_1,Engine,Speed,1590.0,0.0,1800.0,Low
Articulated_Truck_1,Misc,Exhaust Gas Temparature,190.0,20.0,2000.0,Low
Articulated_Truck_1,Drive,Transmission Pressure,366.0,200.0,450.0,Low
Articulated_Truck_1,Misc,Air Filter Pressure,35.0,20.0,2000.0,Low
Articulated_Truck_1,Fuel,Water in Fuel,50.0,0.0,1800.0,Low
Articulated_Truck_1,Drive,Transmission Pressure,321.0,200.0,450.0,Low
Articulated_Truck_1,Drive,Transmission Pressure,335.0,200.0,450.0,Low
Articulated_Truck_1,Misc,Exhaust Gas Temparature,181.0,20.0,2000.0,Low
Articulated_Truck_1,Drive,Brake Control,2.0,1.0,2000.0,Low
Articulated_Truck_1,Drive,Brake Control,2.0,1.0,2000.0,Low
Articulated_Truck_1,Drive,Brake Control,5.0,1.0,2000.0,Low
Asphalt_Paver_1,Engine,Oil Pressure,56.0,25.0,65.0,Low
Asphalt_Paver_1,Misc,System Voltage,14.31,12.0,15.0,Low
Asphalt_Paver_1,Engine,Temparature,101.0,0.0,105.0,Low
Asphalt_Paver_1,Engine,Speed,1362.0,0.0,1800.0,Low
Asphalt_Paver_1,Engine,Temparature,90.0,0.0,105.0,Low
Asphalt_Paver_1,Engine,Oil Pressure,59.0,25.0,65.0,Low
Asphalt_Paver_1,Misc,Hydraulic Pump Rate,88.0,0.0,125.0,Low
Asphalt_Paver_1,Drive,Pedal Sensor,4.77,0.0,4.7,Low
Asphalt_Paver_1,Drive,Brake Control,10.0,1.0,2000.0,Low
Asphalt_Paver_1,Misc,Exhaust Gas Temparature,243.0,20.0,2000.0,Low
Asphalt_Paver_1,Drive,Transmission Pressure,427.0,200.0,450.0,Low
Asphalt_Paver_1,Engine,Temparature,87.0,0.0,105.0,Low
Asphalt_Paver_1,Fuel,Water in Fuel,622.0,0.0,1800.0,Low
Asphalt_Paver_1,Engine,Temparature,75.0,0.0,105.0,Low
Asphalt_Paver_1,Fuel,Level,7.0,1.0,2000.0,Low
Asphalt_Paver_1,Engine,Speed,1391.0,0.0,1800.0,Low
Asphalt_Paver_1,Engine,Oil Pressure,61.0,25.0,65.0,Low
Asphalt_Paver_1,Misc,Hydraulic Pump Rate,100.0,0.0,125.0,Low
Asphalt_Paver_1,Engine,Speed,1726.0,0.0,1800.0,Low
Asphalt_Paver_1,Engine,Oil Pressure,26.0,25.0,65.0,Low
Asphalt_Paver_1,Misc,Hydraulic Pump Rate,99.0,0.0,125.0,Low
Asphalt_Paver_1,Fuel,Level,4.0,1.0,2000.0,Low
Asphalt_Paver_1,Drive,Pedal Sensor,4.36,0.0,4.7,Low
Asphalt_Paver_1,Engine,Oil Pressure,62.0,25.0,65.0,Low
Asphalt_Paver_1,Misc,System Voltage,13.01,12.0,15.0,Low
Asphalt_Paver_1,Misc,Exhaust Gas Temparature,341.0,20.0,2000.0,Low
Asphalt_Paver_1,Fuel,Level,6.0,1.0,2000.0,Low
Asphalt_Paver_1,Engine,Oil Pressure,35.0,25.0,65.0,Low
Asphalt_Paver_1,Misc,Air Filter Pressure,24.0,20.0,2000.0,Low
Asphalt_Paver_1,Fuel,Pressure,56.0,35.0,65.0,Low
Asphalt_Paver_1,Engine,Temparature,87.0,0.0,105.0,Low
Asphalt_Paver_1,Drive,Brake Control,8.0,1.0,2000.0,Low
Asphalt_Paver_1,Misc,System Voltage,15.84,12.0,15.0,High
Asphalt_Paver_1,Engine,Speed,1597.0,0.0,1800.0,Low
Asphalt_Paver_1,Engine,Temparature,78.0,0.0,105.0,Low
Asphalt_Paver_1,Fuel,Level,9.0,1.0,2000.0,Low
Asphalt_Paver_1,Engine,Oil Pressure,61.0,25.0,65.0,Low
Asphalt_Paver_1,Engine,Oil Pressure,58.0,25.0,65.0,Low
Asphalt_Paver_1,Misc,System Voltage,15.42,12.0,15.0,High
Asphalt_Paver_1,Drive,Brake Control,10.0,1.0,2000.0,Low
Asphalt_Paver_1,Fuel,Temparature,372.0,0.0,400.0,Low
Asphalt_Paver_1,Drive,Pedal Sensor,4.63,0.0,4.7,Low
Asphalt_Paver_1,Misc,System Voltage,13.98,12.0,15.0,Low
Asphalt_Paver_1,Misc,Hydraulic Pump Rate,117.0,0.0,125.0,Low
Asphalt_Paver_1,Engine,Speed,1300.0,0.0,1800.0,Low
Asphalt_Paver_1,Fuel,Level,6.0,1.0,2000.0,Low
Asphalt_Paver_1,Engine,Temparature,86.0,0.0,105.0,Low
Asphalt_Paver_1,Engine,Temparature,87.0,0.0,105.0,Low
Asphalt_Paver_1,Misc,System Voltage,13.01,12.0,15.0,Low
Asphalt_Paver_1,Engine,Speed,1736.0,0.0,1800.0,Low
Asphalt_Paver_1,Misc,Hydraulic Pump Rate,77.0,0.0,125.0,Low
Asphalt_Paver_1,Fuel,Water in Fuel,203.0,0.0,1800.0,Low
Asphalt_Paver_1,Fuel,Level,2.0,1.0,2000.0,Low
Asphalt_Paver_1,Engine,Oil Pressure,40.0,25.0,65.0,Low
Asphalt_Paver_1,Drive,Brake Control,5.0,1.0,2000.0,Low
Asphalt_Paver_1,Misc,Air Filter Pressure,27.0,20.0,2000.0,Low
Asphalt_Paver_1,Fuel,Pressure,58.0,35.0,65.0,Low
Asphalt_Paver_1,Fuel,Pressure,45.0,35.0,65.0,Low
Asphalt_Paver_1,Drive,Transmission Pressure,378.0,200.0,450.0,Low
Asphalt_Paver_1,Engine,Speed,1481.0,0.0,1800.0,Low
Asphalt_Paver_1,Misc,System Voltage,13.22,12.0,15.0,Low
Asphalt_Paver_1,Engine,Speed,1554.0,0.0,1800.0,Low
Asphalt_Paver_1,Drive,Pedal Sensor,4.28,0.0,4.7,Low
Asphalt_Paver_1,Engine,Temparature,102.0,0.0,105.0,Low
Asphalt_Paver_1,Fuel,Pressure,60.0,35.0,65.0,Low
Asphalt_Paver_1,Engine,Speed,1421.0,0.0,1800.0,Low
Asphalt_Paver_1,Misc,Exhaust Gas Temparature,221.0,20.0,2000.0,Low
Asphalt_Paver_1,Fuel,Level,2.0,1.0,2000.0,Low
Asphalt_Paver_1,Misc,Hydraulic Pump Rate,113.0,0.0,125.0,Low
Asphalt_Paver_1,Misc,Exhaust Gas Temparature,200.0,20.0,2000.0,Low
Asphalt_Paver_1,Fuel,Water in Fuel,97.0,0.0,1800.0,Low
Asphalt_Paver_1,Misc,Exhaust Gas Temparature,282.0,20.0,2000.0,Low
Asphalt_Paver_1,Fuel,Water in Fuel,416.0,0.0,1800.0,Low
Asphalt_Paver_1,Fuel,Temparature,272.0,0.0,400.0,Low
Asphalt_Paver_1,Fuel,Temparature,279.0,0.0,400.0,Low
Asphalt_Paver_1,Drive,Brake Control,7.0,1.0,2000.0,Low
Asphalt_Paver_1,Engine,Speed,1538.0,0.0,1800.0,Low
Asphalt_Paver_1,Engine,Oil Pressure,59.0,25.0,65.0,Low
Asphalt_Paver_1,Drive,Transmission Pressure,384.0,200.0,450.0,Low
Asphalt_Paver_1,Misc,Air Filter Pressure,25.0,20.0,2000.0,Low
Asphalt_Paver_1,Engine,Speed,1424.0,0.0,1800.0,Low
Asphalt_Paver_1,Fuel,Water in Fuel,924.0,0.0,1800.0,Low
Asphalt_Paver_1,Fuel,Temparature,398.0,0.0,400.0,Low
Asphalt_Paver_1,Drive,Pedal Sensor,4.95,0.0,4.7,Low
Asphalt_Paver_1,Misc,Air Filter Pressure,33.0,20.0,2000.0,Low
Asphalt_Paver_1,Drive,Brake Control,2.0,1.0,2000.0,Low
Asphalt_Paver_1,Fuel,Temparature,288.0,0.0,400.0,Low
Asphalt_Paver_1,Drive,Brake Control,3.0,1.0,2000.0,Low
Asphalt_Paver_1,Misc,System Voltage,14.84,12.0,15.0,Low
Asphalt_Paver_1,Fuel,Water in Fuel,1413.0,0.0,1800.0,Low
Asphalt_Paver_1,Fuel,Water in Fuel,826.0,0.0,1800.0,Low
Asphalt_Paver_1,Engine,Speed,1331.0,0.0,1800.0,Low
Asphalt_Paver_1,Fuel,Temparature,283.0,0.0,400.0,Low
Asphalt_Paver_1,Drive,Transmission Pressure,259.0,200.0,450.0,Low
Asphalt_Paver_1,Fuel,Water in Fuel,708.0,0.0,1800.0,Low
Asphalt_Paver_1,Fuel,Pressure,58.0,35.0,65.0,Low
Asphalt_Paver_1,Drive,Pedal Sensor,3.73,0.0,4.7,Low
Asphalt_Paver_1,Engine,Oil Pressure,32.0,25.0,65.0,Low
Asphalt_Paver_1,Drive,Brake Control,10.0,1.0,2000.0,Low
Asphalt_Paver_1,Misc,System Voltage,14.79,12.0,15.0,Low
Asphalt_Paver_1,Fuel,Water in Fuel,887.0,0.0,1800.0,Low
Asphalt_Paver_1,Fuel,Pressure,37.0,35.0,65.0,Low
Asphalt_Paver_1,Misc,Air Filter Pressure,22.0,20.0,2000.0,Low
Asphalt_Paver_1,Engine,Speed,1661.0,0.0,1800.0,Low
Asphalt_Paver_1,Misc,Exhaust Gas Temparature,249.0,20.0,2000.0,Low
Asphalt_Paver_1,Fuel,Water in Fuel,980.0,0.0,1800.0,Low
Asphalt_Paver_1,Misc,Air Filter Pressure,26.0,20.0,2000.0,Low
Asphalt_Paver_1,Fuel,Pressure,45.0,35.0,65.0,Low
Asphalt_Paver_1,Misc,Hydraulic Pump Rate,117.0,0.0,125.0,Low
Asphalt_Paver_1,Drive,Brake Control,4.0,1.0,2000.0,Low
Asphalt_Paver_1,Engine,Speed,1340.0,0.0,1800.0,Low
Asphalt_Paver_1,Misc,Hydraulic Pump Rate,110.0,0.0,125.0,Low
Asphalt_Paver_1,Engine,Temparature,98.0,0.0,105.0,Low
Asphalt_Paver_1,Engine,Temparature,77.0,0.0,105.0,Low
Asphalt_Paver_1,Engine,Oil Pressure,46.0,25.0,65.0,Low
Asphalt_Paver_1,Drive,Brake Control,4.0,1.0,2000.0,Low
Asphalt_Paver_1,Drive,Pedal Sensor,3.68,0.0,4.7,Low
Asphalt_Paver_1,Misc,Exhaust Gas Temparature,195.0,20.0,2000.0,Low
Asphalt_Paver_1,Fuel,Temparature,395.0,0.0,400.0,Low
Asphalt_Paver_1,Engine,Temparature,81.0,0.0,105.0,Low
Asphalt_Paver_1,Fuel,Temparature,398.0,0.0,400.0,Low
Asphalt_Paver_1,Engine,Oil Pressure,58.0,25.0,65.0,Low
Asphalt_Paver_1,Drive,Transmission Pressure,226.0,200.0,450.0,Low
Asphalt_Paver_1,Misc,Hydraulic Pump Rate,84.0,0.0,125.0,Low
Asphalt_Paver_1,Engine,Oil Pressure,34.0,25.0,65.0,Low
Asphalt_Paver_1,Fuel,Water in Fuel,1161.0,0.0,1800.0,Low
Asphalt_Paver_1,Drive,Pedal Sensor,4.2,0.0,4.7,Low
Asphalt_Paver_1,Engine,Temparature,105.0,0.0,105.0,High
Asphalt_Paver_1,Fuel,Pressure,65.0,35.0,65.0,Low
Asphalt_Paver_1,Drive,Transmission Pressure,383.0,200.0,450.0,Low
Asphalt_Paver_1,Engine,Speed,1709.0,0.0,1800.0,Low
Asphalt_Paver_1,Engine,Oil Pressure,49.0,25.0,65.0,Low
Asphalt_Paver_1,Drive,Pedal Sensor,3.59,0.0,4.7,Low
Asphalt_Paver_1,Drive,Transmission Pressure,249.0,200.0,450.0,Low
Asphalt_Paver_1,Drive,Transmission Pressure,332.0,200.0,450.0,Low
Asphalt_Paver_1,Misc,Air Filter Pressure,32.0,20.0,2000.0,Low
Asphalt_Paver_1,Drive,Transmission Pressure,206.0,200.0,450.0,Low
Asphalt_Paver_1,Engine,Speed,1484.0,0.0,1800.0,Low
Asphalt_Paver_1,Engine,Speed,1594.0,0.0,1800.0,Low
Asphalt_Paver_1,Drive,Transmission Pressure,306.0,200.0,450.0,Low
Asphalt_Paver_1,Misc,Air Filter Pressure,23.0,20.0,2000.0,Low
Asphalt_Paver_1,Fuel,Level,1.0,1.0,2000.0,Low
Asphalt_Paver_1,Engine,Oil Pressure,51.0,25.0,65.0,Low
Asphalt_Paver_1,Fuel,Level,10.0,1.0,2000.0,Low
Asphalt_Paver_1,Fuel,Pressure,42.0,35.0,65.0,Low
Asphalt_Paver_1,Drive,Pedal Sensor,3.83,0.0,4.7,Low
Asphalt_Paver_1,Drive,Pedal Sensor,3.06,0.0,4.7,Low
Asphalt_Paver_1,Fuel,Temparature,394.0,0.0,400.0,Low
Asphalt_Paver_1,Fuel,Level,6.0,1.0,2000.0,Low
Asphalt_Paver_1,Drive,Pedal Sensor,3.78,0.0,4.7,Low
Asphalt_Paver_1,Fuel,Level,4.0,1.0,2000.0,Low
Asphalt_Paver_1,Engine,Oil Pressure,29.0,25.0,65.0,Low
Asphalt_Paver_1,Engine,Temparature,77.0,0.0,105.0,Low
Asphalt_Paver_1,Misc,Exhaust Gas Temparature,259.0,20.0,2000.0,Low
Asphalt_Paver_1,Fuel,Level,2.0,1.0,2000.0,Low
Asphalt_Paver_1,Fuel,Level,6.0,1.0,2000.0,Low
Asphalt_Paver_1,Misc,Exhaust Gas Temparature,237.0,20.0,2000.0,Low
Asphalt_Paver_1,Fuel,Temparature,383.0,0.0,400.0,Low
Asphalt_Paver_1,Misc,System Voltage,15.7,12.0,15.0,High
Asphalt_Paver_1,Misc,Exhaust Gas Temparature,323.0,20.0,2000.0,Low
Asphalt_Paver_1,Drive,Pedal Sensor,4.61,0.0,4.7,Low
Asphalt_Paver_1,Misc,Exhaust Gas Temparature,338.0,20.0,2000.0,Low
Asphalt_Paver_1,Misc,Hydraulic Pump Rate,124.0,0.0,125.0,Low
Asphalt_Paver_1,Fuel,Temparature,291.0,0.0,400.0,Low
Asphalt_Paver_1,Drive,Transmission Pressure,270.0,200.0,450.0,Low
Asphalt_Paver_1,Drive,Brake Control,2.0,1.0,2000.0,Low
Asphalt_Paver_1,Engine,Oil Pressure,50.0,25.0,65.0,Low
Asphalt_Paver_1,Misc,System Voltage,12.92,12.0,15.0,Low
Asphalt_Paver_1,Drive,Pedal Sensor,3.79,0.0,4.7,Low
Asphalt_Paver_1,Drive,Brake Control,5.0,1.0,2000.0,Low
Asphalt_Paver_1,Misc,Exhaust Gas Temparature,263.0,20.0,2000.0,Low
Asphalt_Paver_1,Fuel,Level,7.0,1.0,2000.0,Low
Asphalt_Paver_1,Drive,Transmission Pressure,437.0,200.0,450.0,Low
Asphalt_Paver_1,Drive,Transmission Pressure,293.0,200.0,450.0,Low
Asphalt_Paver_1,Misc,Air Filter Pressure,34.0,20.0,2000.0,Low
Asphalt_Paver_1,Misc,System Voltage,14.99,12.0,15.0,Low
Asphalt_Paver_1,Drive,Brake Control,10.0,1.0,2000.0,Low
Asphalt_Paver_1,Fuel,Water in Fuel,1444.0,0.0,1800.0,Low
Asphalt_Paver_1,Engine,Speed,1622.0,0.0,1800.0,Low
Asphalt_Paver_1,Misc,Hydraulic Pump Rate,124.0,0.0,125.0,Low
Asphalt_Paver_1,Fuel,Pressure,61.0,35.0,65.0,Low
Asphalt_Paver_1,Drive,Transmission Pressure,303.0,200.0,450.0,Low
Asphalt_Paver_1,Drive,Brake Control,3.0,1.0,2000.0,Low
Asphalt_Paver_1,Drive,Transmission Pressure,387.0,200.0,450.0,Low
Asphalt_Paver_1,Fuel,Pressure,65.0,35.0,65.0,Low
Asphalt_Paver_1,Drive,Transmission Pressure,281.0,200.0,450.0,Low
Asphalt_Paver_1,Drive,Transmission Pressure,232.0,200.0,450.0,Low
Asphalt_Paver_1,Drive,Brake Control,8.0,1.0,2000.0,Low
Asphalt_Paver_1,Fuel,Water in Fuel,539.0,0.0,1800.0,Low
Asphalt_Paver_1,Misc,Air Filter Pressure,20.0,20.0,2000.0,Medium
Asphalt_Paver_1,Drive,Pedal Sensor,3.12,0.0,4.7,Low
Asphalt_Paver_1,Drive,Brake Control,7.0,1.0,2000.0,Low
Asphalt_Paver_1,Misc,Air Filter Pressure,23.0,20.0,2000.0,Low
Asphalt_Paver_1,Misc,Hydraulic Pump Rate,88.0,0.0,125.0,Low
Asphalt_Paver_1,Fuel,Water in Fuel,776.0,0.0,1800.0,Low
Asphalt_Paver_1,Misc,Air Filter Pressure,22.0,20.0,2000.0,Low
Asphalt_Paver_1,Drive,Brake Control,5.0,1.0,2000.0,Low
Asphalt_Paver_1,Misc,Exhaust Gas Temparature,295.0,20.0,2000.0,Low
Asphalt_Paver_1,Misc,System Voltage,13.11,12.0,15.0,Low
Asphalt_Paver_1,Drive,Pedal Sensor,3.81,0.0,4.7,Low
Backhoe_Loader_1,Misc,Hydraulic Pump Rate,85.0,0.0,125.0,Low
Backhoe_Loader_1,Drive,Transmission Pressure,404.0,200.0,450.0,Low
Backhoe_Loader_1,Misc,Hydraulic Pump Rate,96.0,0.0,125.0,Low
Backhoe_Loader_1,Drive,Brake Control,6.0,1.0,2000.0,Low
Backhoe_Loader_1,Misc,System Voltage,13.714329101849293,12.0,15.0,Low
Backhoe_Loader_1,Drive,Pedal Sensor,3.1420432072351505,0.0,4.7,Low
Backhoe_Loader_1,Drive,Brake Control,8.0,1.0,2000.0,Low
Backhoe_Loader_1,Fuel,Pressure,59.0,35.0,65.0,Low
Backhoe_Loader_1,Misc,Exhaust Gas Temparature,217.0,20.0,2000.0,Low
Backhoe_Loader_1,Fuel,Temparature,363.0,0.0,400.0,Low
Backhoe_Loader_1,Drive,Transmission Pressure,377.0,200.0,450.0,Low
Backhoe_Loader_1,Engine,Speed,1666.0,0.0,1800.0,Low
Backhoe_Loader_1,Misc,Exhaust Gas Temparature,211.0,20.0,2000.0,Low
Backhoe_Loader_1,Engine,Temparature,93.0,0.0,105.0,Low
Backhoe_Loader_1,Fuel,Water in Fuel,1300.0,0.0,1800.0,Low
Backhoe_Loader_1,Misc,System Voltage,14.286194759007277,12.0,15.0,Low
Backhoe_Loader_1,Engine,Oil Pressure,48.0,25.0,65.0,Low
Backhoe_Loader_1,Engine,Speed,1341.0,0.0,1800.0,Low
Backhoe_Loader_1,Misc,Air Filter Pressure,29.0,20.0,2000.0,Low
Backhoe_Loader_1,Fuel,Level,6.0,1.0,2000.0,Low
Backhoe_Loader_1,Fuel,Level,4.0,1.0,2000.0,Low
Backhoe_Loader_1,Fuel,Pressure,44.0,35.0,65.0,Low
Backhoe_Loader_1,Misc,Hydraulic Pump Rate,90.0,0.0,125.0,Low
Backhoe_Loader_1,Drive,Brake Control,5.0,1.0,2000.0,Low
Backhoe_Loader_1,Drive,Brake Control,9.0,1.0,2000.0,Low
Backhoe_Loader_1,Fuel,Temparature,224.0,0.0,400.0,Low
Backhoe_Loader_1,Misc,Air Filter Pressure,25.0,20.0,2000.0,Low
Backhoe_Loader_1,Misc,Air Filter Pressure,23.0,20.0,2000.0,Low
Backhoe_Loader_1,Drive,Brake Control,4.0,1.0,2000.0,Low
Backhoe_Loader_1,Engine,Speed,1352.0,0.0,1800.0,Low
Backhoe_Loader_1,Fuel,Water in Fuel,1342.0,0.0,1800.0,Low
Backhoe_Loader_1,Fuel,Water in Fuel,125.0,0.0,1800.0,Low
Backhoe_Loader_1,Misc,Hydraulic Pump Rate,83.0,0.0,125.0,Low
Backhoe_Loader_1,Drive,Brake Control,3.0,1.0,2000.0,Low
Backhoe_Loader_1,Engine,Temparature,79.0,0.0,105.0,Low
Backhoe_Loader_1,Misc,Air Filter Pressure,25.0,20.0,2000.0,Low
Backhoe_Loader_1,Fuel,Water in Fuel,398.0,0.0,1800.0,Low
Backhoe_Loader_1,Drive,Brake Control,2.0,1.0,2000.0,Low
Backhoe_Loader_1,Engine,Oil Pressure,26.0,25.0,65.0,Low
Backhoe_Loader_1,Drive,Transmission Pressure,289.0,200.0,450.0,Low
Backhoe_Loader_1,Engine,Oil Pressure,57.0,25.0,65.0,Low
Backhoe_Loader_1,Engine,Temparature,94.0,0.0,105.0,Low
Backhoe_Loader_1,Misc,System Voltage,14.354209407795604,12.0,15.0,Low
Backhoe_Loader_1,Fuel,Water in Fuel,495.0,0.0,1800.0,Low
Backhoe_Loader_1,Drive,Brake Control,6.0,1.0,2000.0,Low
Backhoe_Loader_1,Engine,Temparature,93.0,0.0,105.0,Low
Backhoe_Loader_1,Misc,Hydraulic Pump Rate,117.0,0.0,125.0,Low
Backhoe_Loader_1,Misc,Air Filter Pressure,23.0,20.0,2000.0,Low
Backhoe_Loader_1,Misc,System Voltage,14.954554326862477,12.0,15.0,Low
Backhoe_Loader_1,Drive,Pedal Sensor,3.53667605834637,0.0,4.7,Low
Backhoe_Loader_1,Fuel,Temparature,250.0,0.0,400.0,Low
Backhoe_Loader_1,Drive,Transmission Pressure,349.0,200.0,450.0,Low
Backhoe_Loader_1,Misc,System Voltage,15.823136274805755,12.0,15.0,High
Backhoe_Loader_1,Engine,Oil Pressure,61.0,25.0,65.0,Low
Backhoe_Loader_1,Drive,Pedal Sensor,4.409465608938223,0.0,4.7,Low
Backhoe_Loader_1,Engine,Speed,1585.0,0.0,1800.0,Low
Backhoe_Loader_1,Engine,Speed,1394.0,0.0,1800.0,Low
Backhoe_Loader_1,Misc,System Voltage,14.780763097085265,12.0,15.0,Low
Backhoe_Loader_1,Drive,Brake Control,4.0,1.0,2000.0,Low
Backhoe_Loader_1,Misc,System Voltage,14.708348856156524,12.0,15.0,Low
Backhoe_Loader_1,Drive,Transmission Pressure,286.0,200.0,450.0,Low
Backhoe_Loader_1,Fuel,Level,5.0,1.0,2000.0,Low
Backhoe_Loader_1,Engine,Oil Pressure,65.0,25.0,65.0,High
Backhoe_Loader_1,Engine,Speed,1744.0,0.0,1800.0,Low
Backhoe_Loader_1,Engine,Speed,1422.0,0.0,1800.0,Low
Backhoe_Loader_1,Fuel,Water in Fuel,393.0,0.0,1800.0,Low
Backhoe_Loader_1,Engine,Temparature,75.0,0.0,105.0,Low
Backhoe_Loader_1,Misc,Exhaust Gas Temparature,297.0,20.0,2000.0,Low
Backhoe_Loader_1,Fuel,Temparature,340.0,0.0,400.0,Low
Backhoe_Loader_1,Engine,Speed,1765.0,0.0,1800.0,Low
Backhoe_Loader_1,Misc,Air Filter Pressure,27.0,20.0,2000.0,Low
Backhoe_Loader_1,Drive,Transmission Pressure,292.0,200.0,450.0,Low
Backhoe_Loader_1,Misc,Exhaust Gas Temparature,223.0,20.0,2000.0,Low
Backhoe_Loader_1,Engine,Oil Pressure,39.0,25.0,65.0,Low
Backhoe_Loader_1,Engine,Oil Pressure,55.0,25.0,65.0,Low
Backhoe_Loader_1,Fuel,Pressure,47.0,35.0,65.0,Low
Backhoe_Loader_1,Drive,Pedal Sensor,4.557899218348005,0.0,4.7,Low
Backhoe_Loader_1,Misc,Exhaust Gas Temparature,293.0,20.0,2000.0,Low
Backhoe_Loader_1,Fuel,Level,6.0,1.0,2000.0,Low
Backhoe_Loader_1,Fuel,Water in Fuel,1400.0,0.0,1800.0,Low
Backhoe_Loader_1,Fuel,Temparature,225.0,0.0,400.0,Low
Backhoe_Loader_1,Fuel,Water in Fuel,1230.0,0.0,1800.0,Low
Backhoe_Loader_1,Fuel,Water in Fuel,1785.0,0.0,1800.0,Low
Backhoe_Loader_1,Drive,Transmission Pressure,272.0,200.0,450.0,Low
Backhoe_Loader_1,Drive,Transmission Pressure,377.0,200.0,450.0,Low
Backhoe_Loader_1,Engine,Speed,1398.0,0.0,1800.0,Low
Backhoe_Loader_1,Misc,Air Filter Pressure,23.0,20.0,2000.0,Low
Backhoe_Loader_1,Misc,System Voltage,12.52320098294241,12.0,15.0,Low
Backhoe_Loader_1,Fuel,Temparature,376.0,0.0,400.0,Low
Backhoe_Loader_1,Drive,Pedal Sensor,3.8030472784239073,0.0,4.7,Low
Backhoe_Loader_1,Fuel,Level,8.0,1.0,2000.0,Low
Backhoe_Loader_1,Engine,Temparature,87.0,0.0,105.0,Low
Backhoe_Loader_1,Drive,Brake Control,2.0,1.0,2000.0,Low
Backhoe_Loader_1,Misc,Exhaust Gas Temparature,199.0,20.0,2000.0,Low
Backhoe_Loader_1,Engine,Speed,1429.0,0.0,1800.0,Low
Backhoe_Loader_1,Engine,Oil Pressure,45.0,25.0,65.0,Low
Backhoe_Loader_1,Engine,Speed,1475.0,0.0,1800.0,Low
Backhoe_Loader_1,Fuel,Pressure,37.0,35.0,65.0,Low
Backhoe_Loader_1,Misc,Exhaust Gas Temparature,354.0,20.0,2000.0,Low
Backhoe_Loader_1,Fuel,Pressure,51.0,35.0,65.0,Low
Backhoe_Loader_1,Engine,Oil Pressure,49.0,25.0,65.0,Low
Backhoe_Loader_1,Misc,Hydraulic Pump Rate,82.0,0.0,125.0,Low
Backhoe_Loader_1,Drive,Transmission Pressure,210.0,200.0,450.0,Low
Backhoe_Loader_1,Drive,Pedal Sensor,4.762040191170272,0.0,4.7,Low
Backhoe_Loader_1,Drive,Brake Control,9.0,1.0,2000.0,Low
Backhoe_Loader_1,Fuel,Level,6.0,1.0,2000.0,Low
Backhoe_Loader_1,Drive,Transmission Pressure,262.0,200.0,450.0,Low
Backhoe_Loader_1,Engine,Speed,1390.0,0.0,1800.0,Low
Backhoe_Loader_1,Drive,Pedal Sensor,3.0617349309108577,0.0,4.7,Low
Backhoe_Loader_1,Fuel,Water in Fuel,1325.0,0.0,1800.0,Low
Backhoe_Loader_1,Misc,Hydraulic Pump Rate,88.0,0.0,125.0,Low
Backhoe_Loader_1,Fuel,Level,5.0,1.0,2000.0,Low
Backhoe_Loader_1,Misc,Air Filter Pressure,27.0,20.0,2000.0,Low
Backhoe_Loader_1,Engine,Speed,1435.0,0.0,1800.0,Low
Backhoe_Loader_1,Misc,Air Filter Pressure,30.0,20.0,2000.0,Low
Backhoe_Loader_1,Engine,Temparature,86.0,0.0,105.0,Low
Backhoe_Loader_1,Engine,Oil Pressure,30.0,25.0,65.0,Low
Backhoe_Loader_1,Drive,Pedal Sensor,4.988576675088139,0.0,4.7,Low
Backhoe_Loader_1,Drive,Brake Control,10.0,1.0,2000.0,Low
Backhoe_Loader_1,Drive,Pedal Sensor,4.827011927454973,0.0,4.7,Low
Backhoe_Loader_1,Engine,Oil Pressure,47.0,25.0,65.0,Low
Backhoe_Loader_1,Engine,Temparature,94.0,0.0,105.0,Low
Backhoe_Loader_1,Fuel,Pressure,59.0,35.0,65.0,Low
Backhoe_Loader_1,Fuel,Water in Fuel,1655.0,0.0,1800.0,Low
Backhoe_Loader_1,Fuel,Level,5.0,1.0,2000.0,Low
Backhoe_Loader_1,Misc,System Voltage,15.050989505374654,12.0,15.0,High
Backhoe_Loader_1,Engine,Oil Pressure,51.0,25.0,65.0,Low
Backhoe_Loader_1,Engine,Oil Pressure,49.0,25.0,65.0,Low
Backhoe_Loader_1,Engine,Temparature,75.0,0.0,105.0,Low
Backhoe_Loader_1,Fuel,Level,1.0,1.0,2000.0,Low
Backhoe_Loader_1,Engine,Oil Pressure,36.0,25.0,65.0,Low
Backhoe_Loader_1,Fuel,Pressure,56.0,35.0,65.0,Low
Backhoe_Loader_1,Fuel,Temparature,302.0,0.0,400.0,Low
Backhoe_Loader_1,Misc,Hydraulic Pump Rate,76.0,0.0,125.0,Low
Backhoe_Loader_1,Misc,Air Filter Pressure,22.0,20.0,2000.0,Low
Backhoe_Loader_1,Drive,Pedal Sensor,3.0564368045602506,0.0,4.7,Low
Backhoe_Loader_1,Drive,Pedal Sensor,4.36001650764642,0.0,4.7,Low
Backhoe_Loader_1,Drive,Pedal Sensor,4.8810940412429344,0.0,4.7,Low
Backhoe_Loader_1,Misc,System Voltage,15.032346707895526,12.0,15.0,High
Backhoe_Loader_1,Misc,Hydraulic Pump Rate,95.0,0.0,125.0,Low
Backhoe_Loader_1,Engine,Speed,1720.0,0.0,1800.0,Low
Backhoe_Loader_1,Drive,Transmission Pressure,433.0,200.0,450.0,Low
Backhoe_Loader_1,Misc,Exhaust Gas Temparature,205.0,20.0,2000.0,Low
Backhoe_Loader_1,Misc,System Voltage,14.996014571623977,12.0,15.0,Low
Backhoe_Loader_1,Misc,Exhaust Gas Temparature,298.0,20.0,2000.0,Low
Backhoe_Loader_1,Engine,Oil Pressure,51.0,25.0,65.0,Low
Backhoe_Loader_1,Misc,Hydraulic Pump Rate,91.0,0.0,125.0,Low
Backhoe_Loader_1,Fuel,Water in Fuel,1697.0,0.0,1800.0,Low
Backhoe_Loader_1,Drive,Transmission Pressure,256.0,200.0,450.0,Low
Backhoe_Loader_1,Misc,System Voltage,13.52453023046626,12.0,15.0,Low
Backhoe_Loader_1,Engine,Oil Pressure,38.0,25.0,65.0,Low
Backhoe_Loader_1,Fuel,Water in Fuel,387.0,0.0,1800.0,Low
Backhoe_Loader_1,Drive,Transmission Pressure,412.0,200.0,450.0,Low
Backhoe_Loader_1,Drive,Pedal Sensor,4.4822843986025775,0.0,4.7,Low
Backhoe_Loader_1,Misc,Exhaust Gas Temparature,364.0,20.0,2000.0,Low
Backhoe_Loader_1,Misc,Air Filter Pressure,34.0,20.0,2000.0,Low
Backhoe_Loader_1,Fuel,Pressure,57.0,35.0,65.0,Low
Backhoe_Loader_1,Fuel,Pressure,56.0,35.0,65.0,Low
Backhoe_Loader_1,Engine,Speed,1521.0,0.0,1800.0,Low
Backhoe_Loader_1,Drive,Transmission Pressure,385.0,200.0,450.0,Low
Backhoe_Loader_1,Engine,Temparature,93.0,0.0,105.0,Low
Backhoe_Loader_1,Fuel,Temparature,243.0,0.0,400.0,Low
Backhoe_Loader_1,Drive,Pedal Sensor,3.1069008611983167,0.0,4.7,Low
Backhoe_Loader_1,Misc,Exhaust Gas Temparature,216.0,20.0,2000.0,Low
Backhoe_Loader_1,Drive,Brake Control,10.0,1.0,2000.0,Low
Backhoe_Loader_1,Drive,Transmission Pressure,231.0,200.0,450.0,Low
Backhoe_Loader_1,Misc,Exhaust Gas Temparature,198.0,20.0,2000.0,Low
Backhoe_Loader_1,Misc,Hydraulic Pump Rate,82.0,0.0,125.0,Low
Backhoe_Loader_1,Fuel,Pressure,49.0,35.0,65.0,Low
Backhoe_Loader_1,Misc,Air Filter Pressure,27.0,20.0,2000.0,Low
Backhoe_Loader_1,Fuel,Pressure,42.0,35.0,65.0,Low
Backhoe_Loader_1,Drive,Pedal Sensor,4.929791054327954,0.0,4.7,Low
Backhoe_Loader_1,Fuel,Water in Fuel,283.0,0.0,1800.0,Low
Backhoe_Loader_1,Engine,Oil Pressure,40.0,25.0,65.0,Low
Backhoe_Loader_1,Fuel,Temparature,316.0,0.0,400.0,Low
Backhoe_Loader_1,Engine,Speed,1687.0,0.0,1800.0,Low
Backhoe_Loader_1,Drive,Brake Control,5.0,1.0,2000.0,Low
Backhoe_Loader_1,Fuel,Level,5.0,1.0,2000.0,Low
Backhoe_Loader_1,Engine,Temparature,75.0,0.0,105.0,Low
Backhoe_Loader_1,Engine,Temparature,97.0,0.0,105.0,Low
Backhoe_Loader_1,Fuel,Level,8.0,1.0,2000.0,Low
Backhoe_Loader_1,Drive,Brake Control,3.0,1.0,2000.0,Low
Backhoe_Loader_1,Fuel,Level,5.0,1.0,2000.0,Low
Backhoe_Loader_1,Engine,Temparature,90.0,0.0,105.0,Low
Backhoe_Loader_1,Drive,Transmission Pressure,219.0,200.0,450.0,Low
Backhoe_Loader_1,Engine,Temparature,82.0,0.0,105.0,Low
Backhoe_Loader_1,Engine,Speed,1434.0,0.0,1800.0,Low
Backhoe_Loader_1,Fuel,Level,6.0,1.0,2000.0,Low
Backhoe_Loader_1,Fuel,Temparature,329.0,0.0,400.0,Low
Backhoe_Loader_1,Drive,Brake Control,6.0,1.0,2000.0,Low
Backhoe_Loader_1,Drive,Transmission Pressure,376.0,200.0,450.0,Low
Backhoe_Loader_1,Engine,Speed,1434.0,0.0,1800.0,Low
Backhoe_Loader_1,Fuel,Level,6.0,1.0,2000.0,Low
Backhoe_Loader_1,Misc,System Voltage,13.625255295664392,12.0,15.0,Low
Backhoe_Loader_1,Fuel,Temparature,202.0,0.0,400.0,Low
Backhoe_Loader_1,Drive,Pedal Sensor,3.8075987083108767,0.0,4.7,Low
Backhoe_Loader_1,Misc,Hydraulic Pump Rate,82.0,0.0,125.0,Low
Backhoe_Loader_1,Engine,Oil Pressure,41.0,25.0,65.0,Low
Backhoe_Loader_1,Drive,Brake Control,8.0,1.0,2000.0,Low
Backhoe_Loader_1,Misc,Exhaust Gas Temparature,265.0,20.0,2000.0,Low
Dozer_1,Drive,Transmission Pressure,253.0,200.0,450.0,Low
Dozer_1,Fuel,Pressure,38.0,35.0,65.0,Low
Dozer_1,Drive,Brake Control,8.0,1.0,2000.0,Low
Dozer_1,Misc,Exhaust Gas Temparature,291.0,20.0,2000.0,Low
Dozer_1,Engine,Temparature,104.0,0.0,105.0,Low
Dozer_1,Engine,Oil Pressure,39.0,25.0,65.0,Low
Dozer_1,Fuel,Water in Fuel,287.0,0.0,1800.0,Low
Dozer_1,Drive,Brake Control,3.0,1.0,2000.0,Low
Dozer_1,Misc,Exhaust Gas Temparature,202.0,20.0,2000.0,Low
Dozer_1,Misc,System Voltage,14.400077739731234,12.0,15.0,Low
Dozer_1,Fuel,Pressure,40.0,35.0,65.0,Low
Dozer_1,Engine,Oil Pressure,45.0,25.0,65.0,Low
Dozer_1,Drive,Pedal Sensor,4.694670306093528,0.0,4.7,Low
Dozer_1,Engine,Speed,1357.0,0.0,1800.0,Low
Dozer_1,Fuel,Temparature,215.0,0.0,400.0,Low
Dozer_1,Drive,Brake Control,10.0,1.0,2000.0,Low
Dozer_1,Misc,Air Filter Pressure,26.0,20.0,2000.0,Low
Dozer_1,Engine,Speed,1580.0,0.0,1800.0,Low
Dozer_1,Drive,Brake Control,2.0,1.0,2000.0,Low
Dozer_1,Engine,Oil Pressure,48.0,25.0,65.0,Low
Dozer_1,Misc,System Voltage,14.719444354190909,12.0,15.0,Low
Dozer_1,Fuel,Temparature,253.0,0.0,400.0,Low
Dozer_1,Fuel,Pressure,48.0,35.0,65.0,Low
Dozer_1,Misc,Hydraulic Pump Rate,90.0,0.0,125.0,Low
Dozer_1,Misc,System Voltage,12.246072784540505,12.0,15.0,Low
Dozer_1,Engine,Speed,1665.0,0.0,1800.0,Low
Dozer_1,Engine,Oil Pressure,41.0,25.0,65.0,Low
Dozer_1,Misc,Exhaust Gas Temparature,244.0,20.0,2000.0,Low
Dozer_1,Misc,System Voltage,15.014178900447844,12.0,15.0,High
Dozer_1,Drive,Brake Control,9.0,1.0,2000.0,Low
Dozer_1,Drive,Transmission Pressure,328.0,200.0,450.0,Low
Dozer_1,Engine,Temparature,89.0,0.0,105.0,Low
Dozer_1,Misc,Exhaust Gas Temparature,344.0,20.0,2000.0,Low
Dozer_1,Drive,Transmission Pressure,249.0,200.0,450.0,Low
Dozer_1,Drive,Brake Control,1.0,1.0,2000.0,Medium
Dozer_1,Fuel,Level,2.0,1.0,2000.0,Low
Dozer_1,Drive,Transmission Pressure,222.0,200.0,450.0,Low
Dozer_1,Fuel,Temparature,258.0,0.0,400.0,Low
Dozer_1,Engine,Oil Pressure,53.0,25.0,65.0,Low
Dozer_1,Misc,Exhaust Gas Temparature,332.0,20.0,2000.0,Low
Dozer_1,Engine,Oil Pressure,61.0,25.0,65.0,Low
Dozer_1,Fuel,Water in Fuel,1315.0,0.0,1800.0,Low
Dozer_1,Fuel,Temparature,372.0,0.0,400.0,Low
Dozer_1,Fuel,Water in Fuel,348.0,0.0,1800.0,Low
Dozer_1,Misc,Hydraulic Pump Rate,79.0,0.0,125.0,Low
Dozer_1,Fuel,Pressure,43.0,35.0,65.0,Low
Dozer_1,Fuel,Level,2.0,1.0,2000.0,Low
Dozer_1,Engine,Speed,1310.0,0.0,1800.0,Low
Dozer_1,Engine,Temparature,89.0,0.0,105.0,Low
Dozer_1,Fuel,Level,8.0,1.0,2000.0,Low
Dozer_1,Engine,Temparature,85.0,0.0,105.0,Low
Dozer_1,Drive,Pedal Sensor,4.1007537194492745,0.0,4.7,Low
Dozer_1,Misc,Hydraulic Pump Rate,87.0,0.0,125.0,Low
Dozer_1,Engine,Speed,1724.0,0.0,1800.0,Low
Dozer_1,Fuel,Water in Fuel,371.0,0.0,1800.0,Low
Dozer_1,Misc,Air Filter Pressure,31.0,20.0,2000.0,Low
Dozer_1,Misc,Air Filter Pressure,28.0,20.0,2000.0,Low
Dozer_1,Fuel,Water in Fuel,1368.0,0.0,1800.0,Low
Dozer_1,Misc,System Voltage,14.27821704253774,12.0,15.0,Low
Dozer_1,Drive,Pedal Sensor,4.784579445403493,0.0,4.7,Low
Dozer_1,Engine,Temparature,95.0,0.0,105.0,Low
Dozer_1,Drive,Transmission Pressure,302.0,200.0,450.0,Low
Dozer_1,Drive,Brake Control,5.0,1.0,2000.0,Low
Dozer_1,Misc,Air Filter Pressure,34.0,20.0,2000.0,Low
Dozer_1,Misc,Exhaust Gas Temparature,366.0,20.0,2000.0,Low
Dozer_1,Misc,Hydraulic Pump Rate,120.0,0.0,125.0,Low
Dozer_1,Fuel,Water in Fuel,1369.0,0.0,1800.0,Low
Dozer_1,Engine,Oil Pressure,52.0,25.0,65.0,Low
Dozer_1,Fuel,Water in Fuel,1737.0,0.0,1800.0,Low
Dozer_1,Fuel,Temparature,326.0,0.0,400.0,Low
Dozer_1,Drive,Pedal Sensor,4.690052669430663,0.0,4.7,Low
Dozer_1,Fuel,Level,3.0,1.0,2000.0,Low
Dozer_1,Drive,Brake Control,5.0,1.0,2000.0,Low
Dozer_1,Misc,System Voltage,13.417613669912043,12.0,15.0,Low
Dozer_1,Fuel,Water in Fuel,1491.0,0.0,1800.0,Low
Dozer_1,Drive,Brake Control,6.0,1.0,2000.0,Low
Dozer_1,Fuel,Level,7.0,1.0,2000.0,Low
Dozer_1,Drive,Transmission Pressure,402.0,200.0,450.0,Low
Dozer_1,Fuel,Water in Fuel,1031.0,0.0,1800.0,Low
Dozer_1,Drive,Pedal Sensor,3.654081298210941,0.0,4.7,Low
Dozer_1,Misc,Air Filter Pressure,26.0,20.0,2000.0,Low
Dozer_1,Engine,Oil Pressure,33.0,25.0,65.0,Low
Dozer_1,Fuel,Temparature,377.0,0.0,400.0,Low
Dozer_1,Misc,Exhaust Gas Temparature,228.0,20.0,2000.0,Low
Dozer_1,Engine,Speed,1581.0,0.0,1800.0,Low
Dozer_1,Drive,Transmission Pressure,394.0,200.0,450.0,Low
Dozer_1,Drive,Pedal Sensor,4.2380008735038635,0.0,4.7,Low
Dozer_1,Engine,Temparature,89.0,0.0,105.0,Low
Dozer_1,Fuel,Temparature,212.0,0.0,400.0,Low
Dozer_1,Engine,Speed,1497.0,0.0,1800.0,Low
Dozer_1,Misc,Hydraulic Pump Rate,113.0,0.0,125.0,Low
Dozer_1,Engine,Speed,1558.0,0.0,1800.0,Low
Dozer_1,Engine,Oil Pressure,38.0,25.0,65.0,Low
Dozer_1,Misc,System Voltage,13.252056310856487,12.0,15.0,Low
Dozer_1,Drive,Pedal Sensor,4.4610482187501335,0.0,4.7,Low
Dozer_1,Drive,Pedal Sensor,3.9289472748863457,0.0,4.7,Low
Dozer_1,Engine,Oil Pressure,43.0,25.0,65.0,Low
Dozer_1,Fuel,Temparature,308.0,0.0,400.0,Low
Dozer_1,Misc,System Voltage,13.410000498905488,12.0,15.0,Low
Dozer_1,Engine,Temparature,103.0,0.0,105.0,Low
Dozer_1,Drive,Pedal Sensor,4.432169639072472,0.0,4.7,Low
Dozer_1,Fuel,Level,7.0,1.0,2000.0,Low
Dozer_1,Misc,System Voltage,12.540437363800695,12.0,15.0,Low
Dozer_1,Drive,Transmission Pressure,264.0,200.0,450.0,Low
Dozer_1,Misc,Hydraulic Pump Rate,108.0,0.0,125.0,Low
Dozer_1,Engine,Oil Pressure,26.0,25.0,65.0,Low
Dozer_1,Drive,Transmission Pressure,348.0,200.0,450.0,Low
Dozer_1,Fuel,Pressure,55.0,35.0,65.0,Low
Dozer_1,Drive,Transmission Pressure,291.0,200.0,450.0,Low
Dozer_1,Misc,System Voltage,14.37954839497905,12.0,15.0,Low
Dozer_1,Drive,Pedal Sensor,3.1649636071146836,0.0,4.7,Low
Dozer_1,Misc,Hydraulic Pump Rate,85.0,0.0,125.0,Low
Dozer_1,Fuel,Temparature,247.0,0.0,400.0,Low
Dozer_1,Drive,Pedal Sensor,3.69778036117471,0.0,4.7,Low
Dozer_1,Misc,Exhaust Gas Temparature,347.0,20.0,2000.0,Low
Dozer_1,Misc,System Voltage,14.998739239093917,12.0,15.0,Low
Dozer_1,Engine,Oil Pressure,62.0,25.0,65.0,Low
Dozer_1,Engine,Temparature,91.0,0.0,105.0,Low
Dozer_1,Misc,Hydraulic Pump Rate,122.0,0.0,125.0,Low
Dozer_1,Drive,Pedal Sensor,3.869027293045341,0.0,4.7,Low
Dozer_1,Engine,Oil Pressure,25.0,25.0,65.0,High
Dozer_1,Engine,Temparature,91.0,0.0,105.0,Low
Dozer_1,Engine,Speed,1654.0,0.0,1800.0,Low
Dozer_1,Engine,Oil Pressure,28.0,25.0,65.0,Low
Dozer_1,Drive,Transmission Pressure,246.0,200.0,450.0,Low
Dozer_1,Misc,Air Filter Pressure,31.0,20.0,2000.0,Low
Dozer_1,Misc,Exhaust Gas Temparature,309.0,20.0,2000.0,Low
Dozer_1,Misc,Air Filter Pressure,31.0,20.0,2000.0,Low
Dozer_1,Drive,Brake Control,10.0,1.0,2000.0,Low
Dozer_1,Misc,Exhaust Gas Temparature,368.0,20.0,2000.0,Low
Dozer_1,Drive,Brake Control,5.0,1.0,2000.0,Low
Dozer_1,Fuel,Water in Fuel,286.0,0.0,1800.0,Low
Dozer_1,Misc,System Voltage,13.867436233290086,12.0,15.0,Low
Dozer_1,Misc,Air Filter Pressure,20.0,20.0,2000.0,Medium
Dozer_1,Fuel,Water in Fuel,231.0,0.0,1800.0,Low
Dozer_1,Drive,Brake Control,7.0,1.0,2000.0,Low
Dozer_1,Engine,Temparature,100.0,0.0,105.0,Low
Dozer_1,Engine,Temparature,89.0,0.0,105.0,Low
Dozer_1,Misc,Hydraulic Pump Rate,119.0,0.0,125.0,Low
Dozer_1,Drive,Transmission Pressure,337.0,200.0,450.0,Low
Dozer_1,Engine,Speed,1398.0,0.0,1800.0,Low
Dozer_1,Engine,Oil Pressure,50.0,25.0,65.0,Low
Dozer_1,Drive,Pedal Sensor,3.519238045364715,0.0,4.7,Low
Dozer_1,Engine,Temparature,95.0,0.0,105.0,Low
Dozer_1,Engine,Oil Pressure,50.0,25.0,65.0,Low
Dozer_1,Engine,Speed,1445.0,0.0,1800.0,Low
Dozer_1,Misc,Hydraulic Pump Rate,94.0,0.0,125.0,Low
Dozer_1,Misc,Exhaust Gas Temparature,300.0,20.0,2000.0,Low
Dozer_1,Drive,Transmission Pressure,271.0,200.0,450.0,Low
Dozer_1,Drive,Transmission Pressure,435.0,200.0,450.0,Low
Dozer_1,Fuel,Pressure,54.0,35.0,65.0,Low
Dozer_1,Fuel,Pressure,47.0,35.0,65.0,Low
Dozer_1,Engine,Oil Pressure,54.0,25.0,65.0,Low
Dozer_1,Drive,Transmission Pressure,223.0,200.0,450.0,Low
Dozer_1,Misc,Hydraulic Pump Rate,119.0,0.0,125.0,Low
Dozer_1,Engine,Temparature,89.0,0.0,105.0,Low
Dozer_1,Fuel,Water in Fuel,1179.0,0.0,1800.0,Low
Dozer_1,Misc,Air Filter Pressure,21.0,20.0,2000.0,Low
Dozer_1,Misc,Air Filter Pressure,26.0,20.0,2000.0,Low
Dozer_1,Engine,Speed,1529.0,0.0,1800.0,Low
Dozer_1,Misc,Exhaust Gas Temparature,347.0,20.0,2000.0,Low
Dozer_1,Misc,Air Filter Pressure,26.0,20.0,2000.0,Low
Dozer_1,Misc,System Voltage,15.260973471318461,12.0,15.0,High
Dozer_1,Drive,Transmission Pressure,450.0,200.0,450.0,Medium
Dozer_1,Fuel,Pressure,58.0,35.0,65.0,Low
Dozer_1,Fuel,Pressure,37.0,35.0,65.0,Low
Dozer_1,Fuel,Pressure,52.0,35.0,65.0,Low
Dozer_1,Drive,Brake Control,5.0,1.0,2000.0,Low
Dozer_1,Drive,Brake Control,2.0,1.0,2000.0,Low
Dozer_1,Drive,Transmission Pressure,444.0,200.0,450.0,Low
Dozer_1,Engine,Speed,1771.0,0.0,1800.0,Low
Dozer_1,Fuel,Water in Fuel,1210.0,0.0,1800.0,Low
Dozer_1,Misc,Hydraulic Pump Rate,111.0,0.0,125.0,Low
Dozer_1,Misc,Exhaust Gas Temparature,353.0,20.0,2000.0,Low
Dozer_1,Engine,Oil Pressure,64.0,25.0,65.0,Low
Dozer_1,Engine,Speed,1488.0,0.0,1800.0,Low
Dozer_1,Engine,Speed,1364.0,0.0,1800.0,Low
Dozer_1,Drive,Pedal Sensor,3.632488490834493,0.0,4.7,Low
Dozer_1,Drive,Brake Control,7.0,1.0,2000.0,Low
Dozer_1,Fuel,Level,8.0,1.0,2000.0,Low
Dozer_1,Fuel,Water in Fuel,1337.0,0.0,1800.0,Low
Dozer_1,Engine,Speed,1456.0,0.0,1800.0,Low
Dozer_1,Fuel,Level,3.0,1.0,2000.0,Low
Dozer_1,Fuel,Level,2.0,1.0,2000.0,Low
Dozer_1,Fuel,Level,3.0,1.0,2000.0,Low
Dozer_1,Engine,Speed,1530.0,0.0,1800.0,Low
Dozer_1,Fuel,Level,5.0,1.0,2000.0,Low
Dozer_1,Fuel,Pressure,48.0,35.0,65.0,Low
Dozer_1,Fuel,Level,2.0,1.0,2000.0,Low
Dozer_1,Drive,Pedal Sensor,3.0382190282704906,0.0,4.7,Low
Dozer_1,Misc,Air Filter Pressure,31.0,20.0,2000.0,Low
Dozer_1,Drive,Pedal Sensor,4.984918787063702,0.0,4.7,Low
Dozer_1,Fuel,Temparature,298.0,0.0,400.0,Low
Dozer_1,Engine,Speed,1385.0,0.0,1800.0,Low
Dozer_1,Fuel,Level,6.0,1.0,2000.0,Low
Dozer_1,Drive,Brake Control,5.0,1.0,2000.0,Low
Dozer_1,Drive,Brake Control,7.0,1.0,2000.0,Low
Dozer_1,Engine,Temparature,89.0,0.0,105.0,Low
Dozer_1,Fuel,Temparature,382.0,0.0,400.0,Low
Dozer_1,Fuel,Level,6.0,1.0,2000.0,Low
Excavator_1,Engine,Temparature,104.0,0.0,105.0,Low
Excavator_1,Engine,Speed,1755.0,0.0,1800.0,Low
Excavator_1,Drive,Transmission Pressure,363.0,200.0,450.0,Low
Excavator_1,Misc,Hydraulic Pump Rate,124.0,0.0,125.0,Low
Excavator_1,Engine,Oil Pressure,60.0,25.0,65.0,Low
Excavator_1,Misc,Exhaust Gas Temparature,213.0,20.0,2000.0,Low
Excavator_1,Engine,Oil Pressure,41.0,25.0,65.0,Low
Excavator_1,Fuel,Level,9.0,1.0,2000.0,Low
Excavator_1,Engine,Temparature,79.0,0.0,105.0,Low
Excavator_1,Fuel,Temparature,260.0,0.0,400.0,Low
Excavator_1,Drive,Brake Control,1.0,1.0,2000.0,Medium
Excavator_1,Fuel,Level,4.0,1.0,2000.0,Low
Excavator_1,Engine,Oil Pressure,58.0,25.0,65.0,Low
Excavator_1,Drive,Pedal Sensor,3.2723528870797076,0.0,4.7,Low
Excavator_1,Drive,Transmission Pressure,274.0,200.0,450.0,Low
Excavator_1,Fuel,Temparature,389.0,0.0,400.0,Low
Excavator_1,Engine,Speed,1683.0,0.0,1800.0,Low
Excavator_1,Fuel,Level,9.0,1.0,2000.0,Low
Excavator_1,Drive,Pedal Sensor,4.769654221016504,0.0,4.7,Low
Excavator_1,Fuel,Level,6.0,1.0,2000.0,Low
Excavator_1,Misc,Exhaust Gas Temparature,240.0,20.0,2000.0,Low
Excavator_1,Drive,Transmission Pressure,275.0,200.0,450.0,Low
Excavator_1,Fuel,Level,6.0,1.0,2000.0,Low
Excavator_1,Fuel,Temparature,352.0,0.0,400.0,Low
Excavator_1,Fuel,Level,3.0,1.0,2000.0,Low
Excavator_1,Misc,System Voltage,15.152016856790821,12.0,15.0,High
Excavator_1,Drive,Brake Control,9.0,1.0,2000.0,Low
Excavator_1,Drive,Brake Control,3.0,1.0,2000.0,Low
Excavator_1,Misc,Hydraulic Pump Rate,105.0,0.0,125.0,Low
Excavator_1,Engine,Oil Pressure,40.0,25.0,65.0,Low
Excavator_1,Drive,Transmission Pressure,280.0,200.0,450.0,Low
Excavator_1,Fuel,Water in Fuel,1760.0,0.0,1800.0,Low
Excavator_1,Engine,Oil Pressure,37.0,25.0,65.0,Low
Excavator_1,Drive,Pedal Sensor,4.577743538243144,0.0,4.7,Low
Excavator_1,Fuel,Pressure,50.0,35.0,65.0,Low
Excavator_1,Misc,System Voltage,12.28242957918222,12.0,15.0,Low
Excavator_1,Fuel,Water in Fuel,140.0,0.0,1800.0,Low
Excavator_1,Fuel,Pressure,36.0,35.0,65.0,Low
Excavator_1,Engine,Temparature,93.0,0.0,105.0,Low
Excavator_1,Fuel,Level,2.0,1.0,2000.0,Low
Excavator_1,Fuel,Temparature,318.0,0.0,400.0,Low
Excavator_1,Fuel,Water in Fuel,434.0,0.0,1800.0,Low
Excavator_1,Misc,Exhaust Gas Temparature,262.0,20.0,2000.0,Low
Excavator_1,Engine,Speed,1664.0,0.0,1800.0,Low
Excavator_1,Drive,Transmission Pressure,381.0,200.0,450.0,Low
Excavator_1,Drive,Transmission Pressure,397.0,200.0,450.0,Low
Excavator_1,Engine,Temparature,87.0,0.0,105.0,Low
Excavator_1,Drive,Brake Control,4.0,1.0,2000.0,Low
Excavator_1,Fuel,Water in Fuel,422.0,0.0,1800.0,Low
Excavator_1,Engine,Oil Pressure,58.0,25.0,65.0,Low
Excavator_1,Fuel,Water in Fuel,263.0,0.0,1800.0,Low
Excavator_1,Engine,Temparature,92.0,0.0,105.0,Low
Excavator_1,Drive,Transmission Pressure,255.0,200.0,450.0,Low
Excavator_1,Engine,Speed,1593.0,0.0,1800.0,Low
Excavator_1,Engine,Oil Pressure,59.0,25.0,65.0,Low
Excavator_1,Misc,Hydraulic Pump Rate,96.0,0.0,125.0,Low
Excavator_1,Drive,Transmission Pressure,374.0,200.0,450.0,Low
Excavator_1,Fuel,Water in Fuel,1047.0,0.0,1800.0,Low
Excavator_1,Engine,Temparature,93.0,0.0,105.0,Low
Excavator_1,Fuel,Water in Fuel,413.0,0.0,1800.0,Low
Excavator_1,Engine,Oil Pressure,29.0,25.0,65.0,Low
Excavator_1,Fuel,Pressure,44.0,35.0,65.0,Low
Excavator_1,Drive,Transmission Pressure,203.0,200.0,450.0,Low
Excavator_1,Drive,Transmission Pressure,403.0,200.0,450.0,Low
Excavator_1,Misc,Exhaust Gas Temparature,304.0,20.0,2000.0,Low
Excavator_1,Engine,Speed,1779.0,0.0,1800.0,Low
Excavator_1,Misc,Exhaust Gas Temparature,312.0,20.0,2000.0,Low
Excavator_1,Drive,Transmission Pressure,263.0,200.0,450.0,Low
Excavator_1,Misc,System Voltage,12.411252795359877,12.0,15.0,Low
Excavator_1,Misc,Air Filter Pressure,34.0,20.0,2000.0,Low
Excavator_1,Misc,Exhaust Gas Temparature,195.0,20.0,2000.0,Low
Excavator_1,Drive,Pedal Sensor,4.533982405902761,0.0,4.7,Low
Excavator_1,Engine,Oil Pressure,39.0,25.0,65.0,Low
Excavator_1,Fuel,Temparature,300.0,0.0,400.0,Low
Excavator_1,Misc,Exhaust Gas Temparature,345.0,20.0,2000.0,Low
Excavator_1,Fuel,Pressure,43.0,35.0,65.0,Low
Excavator_1,Fuel,Level,10.0,1.0,2000.0,Low
Excavator_1,Drive,Transmission Pressure,443.0,200.0,450.0,Low
Excavator_1,Misc,Hydraulic Pump Rate,92.0,0.0,125.0,Low
Excavator_1,Fuel,Pressure,45.0,35.0,65.0,Low
Excavator_1,Misc,Air Filter Pressure,35.0,20.0,2000.0,Low
Excavator_1,Misc,Hydraulic Pump Rate,120.0,0.0,125.0,Low
Excavator_1,Misc,System Voltage,13.760612448135802,12.0,15.0,Low
Excavator_1,Misc,Air Filter Pressure,20.0,20.0,2000.0,Medium
Excavator_1,Drive,Pedal Sensor,4.542305510145011,0.0,4.7,Low
Excavator_1,Misc,Exhaust Gas Temparature,348.0,20.0,2000.0,Low
Excavator_1,Drive,Pedal Sensor,3.72617889354469,0.0,4.7,Low
Excavator_1,Fuel,Pressure,35.0,35.0,65.0,Low
Excavator_1,Fuel,Temparature,295.0,0.0,400.0,Low
Excavator_1,Drive,Brake Control,7.0,1.0,2000.0,Low
Excavator_1,Misc,Hydraulic Pump Rate,102.0,0.0,125.0,Low
Excavator_1,Misc,Air Filter Pressure,22.0,20.0,2000.0,Low
Excavator_1,Fuel,Pressure,37.0,35.0,65.0,Low
Excavator_1,Engine,Speed,1760.0,0.0,1800.0,Low
Excavator_1,Fuel,Pressure,37.0,35.0,65.0,Low
Excavator_1,Misc,Air Filter Pressure,31.0,20.0,2000.0,Low
Excavator_1,Engine,Speed,1712.0,0.0,1800.0,Low
Excavator_1,Drive,Brake Control,8.0,1.0,2000.0,Low
Excavator_1,Engine,Temparature,75.0,0.0,105.0,Low
Excavator_1,Fuel,Pressure,45.0,35.0,65.0,Low
Excavator_1,Misc,Air Filter Pressure,23.0,20.0,2000.0,Low
Excavator_1,Engine,Speed,1541.0,0.0,1800.0,Low
Excavator_1,Fuel,Water in Fuel,1643.0,0.0,1800.0,Low
Excavator_1,Fuel,Pressure,52.0,35.0,65.0,Low
Excavator_1,Engine,Speed,1515.0,0.0,1800.0,Low
Excavator_1,Misc,Air Filter Pressure,35.0,20.0,2000.0,Low
Excavator_1,Fuel,Water in Fuel,1647.0,0.0,1800.0,Low
Excavator_1,Engine,Speed,1419.0,0.0,1800.0,Low
Excavator_1,Engine,Oil Pressure,60.0,25.0,65.0,Low
Excavator_1,Fuel,Water in Fuel,1072.0,0.0,1800.0,Low
Excavator_1,Drive,Transmission Pressure,406.0,200.0,450.0,Low
Excavator_1,Fuel,Level,7.0,1.0,2000.0,Low
Excavator_1,Drive,Brake Control,1.0,1.0,2000.0,Medium
Excavator_1,Misc,Exhaust Gas Temparature,310.0,20.0,2000.0,Low
Excavator_1,Engine,Oil Pressure,37.0,25.0,65.0,Low
Excavator_1,Engine,Speed,1712.0,0.0,1800.0,Low
Excavator_1,Fuel,Pressure,53.0,35.0,65.0,Low
Excavator_1,Misc,System Voltage,15.529580349828434,12.0,15.0,High
Excavator_1,Fuel,Water in Fuel,544.0,0.0,1800.0,Low
Excavator_1,Misc,Exhaust Gas Temparature,312.0,20.0,2000.0,Low
Excavator_1,Drive,Transmission Pressure,399.0,200.0,450.0,Low
Excavator_1,Misc,Exhaust Gas Temparature,306.0,20.0,2000.0,Low
Excavator_1,Engine,Speed,1523.0,0.0,1800.0,Low
Excavator_1,Misc,System Voltage,12.016341002811957,12.0,15.0,Low
Excavator_1,Fuel,Water in Fuel,461.0,0.0,1800.0,Low
Excavator_1,Fuel,Level,2.0,1.0,2000.0,Low
Excavator_1,Misc,System Voltage,12.714092622213577,12.0,15.0,Low
Excavator_1,Engine,Temparature,104.0,0.0,105.0,Low
Excavator_1,Drive,Pedal Sensor,4.8165667133854075,0.0,4.7,Low
Excavator_1,Fuel,Level,9.0,1.0,2000.0,Low
Excavator_1,Misc,Exhaust Gas Temparature,359.0,20.0,2000.0,Low
Excavator_1,Engine,Temparature,80.0,0.0,105.0,Low
Excavator_1,Misc,Exhaust Gas Temparature,270.0,20.0,2000.0,Low
Excavator_1,Engine,Speed,1443.0,0.0,1800.0,Low
Excavator_1,Drive,Brake Control,5.0,1.0,2000.0,Low
Excavator_1,Misc,Hydraulic Pump Rate,125.0,0.0,125.0,Medium
Excavator_1,Misc,System Voltage,12.425671506354378,12.0,15.0,Low
Excavator_1,Drive,Transmission Pressure,354.0,200.0,450.0,Low
Excavator_1,Drive,Pedal Sensor,4.2597192407396935,0.0,4.7,Low
Excavator_1,Fuel,Water in Fuel,276.0,0.0,1800.0,Low
Excavator_1,Engine,Oil Pressure,43.0,25.0,65.0,Low
Excavator_1,Misc,System Voltage,15.19257242900969,12.0,15.0,High
Excavator_1,Engine,Speed,1648.0,0.0,1800.0,Low
Excavator_1,Engine,Temparature,81.0,0.0,105.0,Low
Excavator_1,Engine,Temparature,79.0,0.0,105.0,Low
Excavator_1,Engine,Oil Pressure,42.0,25.0,65.0,Low
Excavator_1,Fuel,Level,7.0,1.0,2000.0,Low
Excavator_1,Drive,Brake Control,8.0,1.0,2000.0,Low
Excavator_1,Engine,Oil Pressure,26.0,25.0,65.0,Low
Excavator_1,Misc,Air Filter Pressure,22.0,20.0,2000.0,Low
Excavator_1,Misc,System Voltage,14.333381495415518,12.0,15.0,Low
Excavator_1,Engine,Oil Pressure,53.0,25.0,65.0,Low
Excavator_1,Drive,Brake Control,7.0,1.0,2000.0,Low
Excavator_1,Fuel,Water in Fuel,1439.0,0.0,1800.0,Low
Excavator_1,Misc,Hydraulic Pump Rate,117.0,0.0,125.0,Low
Excavator_1,Drive,Pedal Sensor,4.882826368874091,0.0,4.7,Low
Excavator_1,Drive,Pedal Sensor,4.883191370481606,0.0,4.7,Low
Excavator_1,Misc,Hydraulic Pump Rate,80.0,0.0,125.0,Low
Excavator_1,Drive,Brake Control,4.0,1.0,2000.0,Low
Excavator_1,Drive,Brake Control,8.0,1.0,2000.0,Low
Excavator_1,Misc,Air Filter Pressure,27.0,20.0,2000.0,Low
Excavator_1,Engine,Speed,1573.0,0.0,1800.0,Low
Excavator_1,Drive,Transmission Pressure,274.0,200.0,450.0,Low
Excavator_1,Drive,Pedal Sensor,3.6859181203855815,0.0,4.7,Low
Excavator_1,Drive,Brake Control,10.0,1.0,2000.0,Low
Excavator_1,Fuel,Temparature,348.0,0.0,400.0,Low
Excavator_1,Fuel,Level,3.0,1.0,2000.0,Low
Excavator_1,Drive,Pedal Sensor,4.333722979542163,0.0,4.7,Low
Excavator_1,Misc,Hydraulic Pump Rate,77.0,0.0,125.0,Low
Excavator_1,Drive,Pedal Sensor,3.8632688178265253,0.0,4.7,Low
Excavator_1,Misc,System Voltage,13.280011451894348,12.0,15.0,Low
Excavator_1,Fuel,Temparature,287.0,0.0,400.0,Low
Excavator_1,Misc,Hydraulic Pump Rate,85.0,0.0,125.0,Low
Excavator_1,Engine,Temparature,95.0,0.0,105.0,Low
Excavator_1,Misc,Air Filter Pressure,25.0,20.0,2000.0,Low
Excavator_1,Fuel,Level,9.0,1.0,2000.0,Low
Excavator_1,Misc,System Voltage,13.642271875126,12.0,15.0,Low
Excavator_1,Engine,Speed,1455.0,0.0,1800.0,Low
Excavator_1,Engine,Temparature,91.0,0.0,105.0,Low
Excavator_1,Misc,Air Filter Pressure,29.0,20.0,2000.0,Low
Excavator_1,Engine,Oil Pressure,32.0,25.0,65.0,Low
Excavator_1,Drive,Brake Control,7.0,1.0,2000.0,Low
Excavator_1,Drive,Brake Control,5.0,1.0,2000.0,Low
Excavator_1,Misc,Hydraulic Pump Rate,112.0,0.0,125.0,Low
Excavator_1,Engine,Oil Pressure,36.0,25.0,65.0,Low
Excavator_1,Misc,System Voltage,13.207512486493865,12.0,15.0,Low
Excavator_1,Drive,Brake Control,9.0,1.0,2000.0,Low
Excavator_1,Drive,Pedal Sensor,3.5503867230755426,0.0,4.7,Low
Excavator_1,Misc,Air Filter Pressure,22.0,20.0,2000.0,Low
Excavator_1,Fuel,Temparature,297.0,0.0,400.0,Low
Excavator_1,Drive,Brake Control,9.0,1.0,2000.0,Low
Excavator_1,Engine,Speed,1644.0,0.0,1800.0,Low
Excavator_1,Fuel,Temparature,398.0,0.0,400.0,Low
Excavator_1,Engine,Speed,1377.0,0.0,1800.0,Low
Excavator_1,Fuel,Temparature,355.0,0.0,400.0,Low
Excavator_1,Engine,Temparature,75.0,0.0,105.0,Low
Excavator_1,Drive,Pedal Sensor,4.682924179967196,0.0,4.7,Low
Excavator_1,Drive,Transmission Pressure,323.0,200.0,450.0,Low
Excavator_1,Drive,Pedal Sensor,4.827448942272162,0.0,4.7,Low
Excavator_1,Engine,Oil Pressure,39.0,25.0,65.0,Low
